video_url,video_description,video_transcript,video_name,channel_name
https://www.youtube.com/watch?v=GRWa1Hkc-VE,"The video provides a step-by-step guide on how to deploy a Hugging Face large language model on AWS, using Amazon SageMaker and the AWS Inferentia2 accelerator.","The video provides a step-by-step guide on how to deploy Hugging Face models on AWS SageMaker using the inferentia 2 instance. The video starts by introducing Julian from Hugging Face and explaining the purpose of the video. It then walks through the deployment process, covering the following steps:

1. Selecting a model from the Hugging Face Hub.
2. Deploying the model to Amazon SageMaker using the sagemaker SDK.
3. Using an instance type with an NVIDIA A10 G GPU for optimal performance.
4. Deploying the same model to the inferentia 2 instance.
5. Setting up the necessary parameters for inference.

The video concludes by providing a detailed code snippet that can be used to deploy Hugging Face models on AWS SageMaker using the inferentia 2 instance. The video provides instructions on how to deploy a Transformer model in SageMaker using Docker. It outlines the steps involved, including setting up the environment, building the model object, and deploying it. The summary also provides tips for running inference and monitoring the deployed model. Summary extraction error: Unexpected response format. The video explains how to precompile models for the INF 2 chip on AWS. It starts by explaining that the vanilla model needs to be compiled before it can be used. The video then shows how to use the Hugging Face Hub to precompile models for the INF 2 chip. It then shows how to load these pre-compiled models into an inference container.",Deploying Hugging Face models with Amazon SageMaker and AWS Inferentia2,Julien Simon
https://www.youtube.com/watch?v=pCX_3p40Efc,"Going through the building of a QLoRA fine-tuning dataset for a language model, the video covers the process of collecting and preparing data for training. The video provides an overview of the different data sources available, including the Reddit dataset, the Neural Networks from Scratch book, and the Channel membership channel. It also explains how to structure and export data for training and how to build training samples and save them to a database.","The video is about the process of finding and downloading a Reddit data set. The video starts by introducing the topic and then walks through the steps involved in finding and downloading the data. The video covers everything from setting up the environment to downloading the data to formatting the data and uploading it to the data set. The video also includes some tips for fine-tuning the data set. The video focuses on the process of downloading Reddit comments from 2005 to 2019. The speaker explores different methods to access and process this data, including using Sublime, BigQuery, and Reddit itself. They also discuss the vast amount of data available on Reddit and its potential for training language models. The video discusses the process of exporting data from Reddit to Google Cloud Storage (GCS). The speaker explains that there are two main options for exporting Reddit comments: straight export or export to GCS. However, due to the size of the data, straight export is no longer an option. The speaker then introduces Google Cloud Storage (GCS) as a solution for exporting Reddit comments in a more efficient manner.

The speaker walks through the process of exporting Reddit comments to GCS, including creating a bucket, naming the bucket, and setting file names. The speaker also explains the benefits of using GCS, such as data compression and the ability to save data in different formats.

Overall, the video provides a step-by-step guide on how to export Reddit comments to Google Cloud Storage. The user is trying to download a large amount of data from the Google Cloud website, but the website is very laggy and difficult to use. The user wants to figure out how to decompress all of these files so that they can be used in a pandas data frame or database. Summary extraction error: Unexpected response format. The video discusses the process of decompression for a large dataset. The co-pilot outlines the steps involved in the process, including multiprocessing, data import, and column selection. The co-pilot emphasizes the importance of carefully considering the order of the columns to ensure accurate results. The video discusses the process of extracting and organizing Reddit comments. The speaker starts by downloading a large amount of data, including comments from 2017 and 2018. They then sort the comments by their creation date in ascending order. The speaker then loads the first 25 files into a temporary data frame and concatenates them to the main data frame. They then remove the subreddit author column and sort the comments by their created UTC time. The video discusses the challenge of modeling conversation and the importance of finding a way to build a conversation from scratch. The speaker proposes a solution that involves using a hierarchical approach to build the conversation, starting with a base ID and then iteratively adding new IDs based on the parent ID. This approach helps to combat the issue of validation loss due to the large number of samples generated. The video discusses the analysis of Wall Street bets from 2016 to 2018. The speaker explores the data and attempts to identify patterns and trends. They also investigate the parent ID column, wondering if it contains a tier or if it should be removed. The discussion also touches on the use of other subreddits and the impact of removing them on the data. The speaker is going through a process of collecting and organizing comments from Reddit to build a training dataset for an AI. They are focusing on Wall Street bets and other relevant subreddits, and they are using a multi-speaker approach to capture the nuances of different conversations. The video discusses a problem with a chatbot that is unable to generate multiple speakers in conversation. The chatbot's behavior is inconsistent, and it often fails to respond when its turn to speak comes. The issue may be related to the bot's training data or its ability to recognize when it should generate a response. The task is to train a machine learning model to classify text data. The model will be trained on a dataset of text documents, with each document representing a conversation between two people. The goal is to build a model that can accurately filter and extract relevant information from these conversations. The video describes the process of creating a model by using the stable LM 3B model. The video walks through the steps of setting up the data set, choosing a model, and fine-tuning the model. The video also provides tips for creating a model and choosing the right model for a particular task. The video discusses the Auto PFT model for causal LM, which allows you to switch between the adapter and base model on Hugging Face. This method simplifies the training process by reducing the number of steps required for checkpointing and adaptation. The video provides guidance on how to use the Auto PFT model for fine-tuning, including setting the number of steps and choosing the appropriate batch size. Summary extraction error: Unexpected response format.",Building an LLM fine-tuning Dataset,sentdex
