Channel,URL,Title,Description,Transcript
Two Minute Papers,https://www.youtube.com/watch?v=ewLMYLCWvcI,OpenAI’s ChatGPT: This is Science Fiction!,"The provided text does not contain any video description, so I am unable to summarize it.","Researchers have discovered innovative ways to enhance the capabilities of ChatGPT, creating virtual characters and even an AI hospital. These AI copies can collaborate effectively, completing tasks, documenting their work, and diagnosing respiratory diseases with remarkable accuracy. Additionally, they can translate literary texts, understanding both the language and cultural context."
Two Minute Papers,https://www.youtube.com/watch?v=wYRKOROxoK4,"NVIDIA’s New AI: 5,000x Faster Virtual Worlds!","The provided text contains links to the paper ""LATTE3D: Large-scale Amortized Text-To-Enhanced3D Synthesis,"" a paper on simulations that look like reality, and Lambda's GPU Cloud. Additionally, it expresses gratitude to the video's Patreon supporters.","The presenter reveals a groundbreaking AI technology that can generate realistic 3D worlds from text prompts. This technique surpasses previous methods in both quality and speed, creating virtual environments 5,000 times faster than before. The AI can even produce short animation sequences and demonstrates remarkable adaptability, handling diverse textual prompts with impressive creativity. Despite its remarkable capabilities, the technology still has limitations, but its potential to revolutionize content creation and virtual experiences is undeniable."
Big Think,https://www.youtube.com/watch?v=8D4AHrKAYig,Jewel: Clear perception is the way to psychological strength | Perception Box,"This video features an interview with singer-songwriter and visual artist Jewel Kilcher, who discusses her personal struggles, triumphs, and the importance of truth in her life and well-being. She reveals experiences and insights that have shaped her artistry and personal growth.",Summary extraction error: Unexpected response format.
Big Think,https://www.youtube.com/watch?v=sevQIoToUUk,"""There will never, ever, ever be anyone like you on the planet...""","The video features Dr. Sean B. Carroll, a renowned biologist and author known for his groundbreaking research in evolutionary developmental biology. His innovative work has shed light on the genetic basis of animal form and evolution. Additionally, his impactful books and scientific accolades demonstrate his profound influence on both scientific progress and science education.","Human fertilization is an incredibly rare and fortunate event. On average, there are around 100 million sperm vying for a single egg, which carries one out of approximately eight million different genetic combinations. This chance encounter, resulting in a one in 70 trillion event, leads to the creation of a genetically unique individual. With each generation, the genetic recipe undergoes vast mixing and matching on an astronomical scale, ensuring that no one will ever be exactly like you on the planet or throughout history."
TED,https://www.youtube.com/watch?v=OAzp-7yY0FQ,The Difference Between False Empathy and True Support | Chezare A. Warren | TED,"Author and scholar Chezare A. Warren discusses the nuances of empathy, highlighting the pitfalls of false empathy and advocating for a shift in perspective to foster genuine connections and support others.","Summary:**

The author argues that false empathy, which involves superficial understanding and unhelpful actions, is prevalent in our interactions with diverse others. True empathy requires perspective-taking, humility, and a willingness to learn from our mistakes.

**Key Points:**

* **False empathy:** Thinking you know more about others' problems than they do, rushing to action without understanding the source of their distress, and acting without considering the consequences.
* **Perspective-taking:** The ability to spontaneously adopt the psychological point of view of others.
* **Empathy training:** Can reduce implicit bias.
* **Active listening:** Requires heightened sensitivity to our ego, decentering ourselves, asking meaningful questions, engaging in discourse, and simply being present.
* **Learning and growth:** Empathy is an ongoing journey that evolves over time.

**Examples of False Empathy:**

* Assuming you understand someone's struggles based on your own experiences.
* Offering unsolicited advice without considering their perspective.
* Showing compassion without addressing the underlying issues.

**Consequences of False Empathy:**

* Perpetrates inequality and injustice.
* Damages relationships with diverse others.
* Creates a sense of unease and inauthenticity.

**Recommendations for True Empathy:**

* Practice perspective-taking.
* Engage in active listening.
* Be humble and willing to learn.
* Take action based on feedback and reflection.

**Metaphor:**

The author compares the process of understanding empathy to the evolution of our eyesight, which improves over time with experience and learning.

**Conclusion:**

Empathy is an essential skill for fostering meaningful connections with people from diverse backgrounds. By practicing true empathy, we can create a more just and inclusive society. 

The speaker emphasizes the importance of empathy, comparing it to the process of receiving eye exams and finding the right prescription. Just as glasses can improve the clarity of vision, empathy helps individuals understand and support others effectively. The speaker encourages viewers to approach their interactions with empathy and understanding."
TED,https://www.youtube.com/watch?v=0Mi0miIN6tA,How to Imagine a Better Future for Democracy | adrienne maree brown and Baratunde Thurston | TED,"The video features a conversation between author Adrienne Maree Brown and writer/activist Baratunde Thurston, discussing how to repair and care for US democracy. They explore the importance of active citizenship and design a future where everyone feels included.","## Key Points:

* **Government Disconnect:** Frequent discrepancies between people's desires and government actions are prevalent in democratic societies.


* **Global Crisis & Connection:** Climate change is a global crisis demanding global action. Social media fosters direct communication and connection, enabling people to realize they're part of larger patterns and can learn from others.


* **Humility & Learning:** Recognizing limitations and seeking wisdom from other cultures is crucial for effective change.


* **Fractal Change:** Transformation of both individuals and systems is required for lasting change. This is an iterative process, demanding simultaneous adjustments to both personal behavior and societal structures.


* **Citizen Satisfaction:** Authentic engagement requires a sense of fulfillment in the process of being citizens. Feeling heard, recognized, and connected fosters a sense of belonging and reduces anxiety.

## Main Argument:

The current disconnect between people's desires and government actions necessitates a transformation of both individuals and systems. Social media can facilitate this by fostering global awareness and connection, allowing people to learn from others and collaboratively address global challenges. 

The speakers discuss the importance of satisfaction in citizening, emphasizing the need to envision and create a positive and inclusive society. They argue that deep repair is necessary to address the harms of the past and foster genuine care and trust. Facilitators of this new world."
